{
  "n_queries": 200,
  "seed": "first 200",
  "k_tok": 500,
  "llm": "llama-3.3-70b-versatile (Groq)",
  "embedding": "all-MiniLM-L6-v2",
  "systems": {
    "naive_rag": {
      "mean_recall@5": 0.295,
      "mean_em": 0.025,
      "mean_f1": 0.03321428571428571,
      "mean_nodes": 5.0,
      "std_em": 0.15612494995995993,
      "std_f1": 0.1721158099676387
    },
    "pathfinder": {
      "mean_recall@5": 0.115,
      "mean_em": 0.03,
      "mean_f1": 0.04459006211180125,
      "mean_nodes": 3.63,
      "std_em": 0.1705872210923198,
      "std_f1": 0.19423043118652747
    },
    "bfs_2hop": {
      "mean_recall@5": 0.105,
      "mean_em": 0.015,
      "mean_f1": 0.020744588744588746,
      "mean_nodes": 20.905,
      "std_em": 0.1215524578114322,
      "std_f1": 0.12805920207523652
    },
    "spreading_activation": {
      "mean_recall@5": 0.16,
      "mean_em": 0.02,
      "mean_f1": 0.033271756978653526,
      "mean_nodes": 21.315,
      "std_em": 0.13999999999999996,
      "std_f1": 0.16182330965330227
    }
  },
  "pathfinder_sigma": {
    "mean": 0.44682118746762695,
    "std": 0.16037446702470765
  }
}