{
  "n_queries": 200,
  "seed": "first 200",
  "k_tok": 500,
  "sufficiency_disabled": true,
  "systems": {
    "pathfinder": {
      "mean_recall@5": 0.115,
      "std_recall@5": 0.31902194281898544
    },
    "naive_rag": {
      "mean_recall@5": 0.295,
      "std_recall@5": 0.45604276115294284
    },
    "bfs_2hop": {
      "mean_recall@5": 0.105,
      "std_recall@5": 0.3065534211193866
    },
    "spreading_activation": {
      "mean_recall@5": 0.16,
      "std_recall@5": 0.36660605559646714
    }
  },
  "pathfinder_details": {
    "mean_nodes": 3.63,
    "p50_latency_ms": 1.1944770812988281,
    "p95_latency_ms": 3.049767017364499,
    "mean_sigma": 0.44682118746762695
  }
}