{
  "n_queries": 20,
  "seed": "first 20",
  "k_tok": 500,
  "sufficiency_disabled": true,
  "systems": {
    "pathfinder": {
      "mean_recall@5": 0.15,
      "std_recall@5": 0.3570714214271425
    },
    "naive_rag": {
      "mean_recall@5": 0.25,
      "std_recall@5": 0.4330127018922193
    },
    "bfs_2hop": {
      "mean_recall@5": 0.1,
      "std_recall@5": 0.30000000000000004
    },
    "spreading_activation": {
      "mean_recall@5": 0.15,
      "std_recall@5": 0.3570714214271425
    }
  },
  "pathfinder_details": {
    "mean_nodes": 3.4,
    "p50_latency_ms": 1.8000602722167969,
    "p95_latency_ms": 4.551315307617188,
    "mean_sigma": 0.4189621100360824
  }
}