{
  "n_queries": 200,
  "elapsed_s": 5.9,
  "variants": {
    "naive_rag": {
      "mean_r5": 0.295,
      "std_r5": 0.45604276115294284,
      "mean_nodes": 5.0
    },
    "bfs_2hop": {
      "mean_r5": 0.105,
      "std_r5": 0.3065534211193866,
      "mean_nodes": 5.0
    },
    "spreading_activation": {
      "mean_r5": 0.16,
      "std_r5": 0.36660605559646714,
      "mean_nodes": 5.0
    },
    "pf_original": {
      "mean_r5": 0.155,
      "std_r5": 0.3619046835839514,
      "mean_nodes": 6.76
    },
    "pf_geomean_only": {
      "mean_r5": 0.155,
      "std_r5": 0.3619046835839514,
      "mean_nodes": 6.76
    },
    "pf_beta0_only": {
      "mean_r5": 0.155,
      "std_r5": 0.3619046835839514,
      "mean_nodes": 6.76
    },
    "pf_multianchor_only": {
      "mean_r5": 0.13,
      "std_r5": 0.33630343441600474,
      "mean_nodes": 7.035
    },
    "pf_all_fixes": {
      "mean_r5": 0.13,
      "std_r5": 0.33630343441600474,
      "mean_nodes": 7.035
    }
  },
  "sigma_calibration": {
    "pf_original": {
      "rho": -0.0958155660648223,
      "pval": 0.17712809171081612,
      "mean_sigma": 0.37849444647813435,
      "mean_nodes": 6.76
    },
    "pf_geomean_only": {
      "rho": -0.12944917388940752,
      "pval": 0.06771370710165911,
      "mean_sigma": 0.4406266688554396,
      "mean_nodes": 6.76
    },
    "pf_beta0_only": {
      "rho": -0.0958155660648223,
      "pval": 0.17712809171081612,
      "mean_sigma": 0.37849444647813435,
      "mean_nodes": 6.76
    },
    "pf_multianchor_only": {
      "rho": -0.16145954370924828,
      "pval": 0.02236697630444608,
      "mean_sigma": 0.39633208843603823,
      "mean_nodes": 7.035
    },
    "pf_all_fixes": {
      "rho": -0.14681424175019883,
      "pval": 0.03803222220810917,
      "mean_sigma": 0.4506058013317466,
      "mean_nodes": 7.035
    }
  }
}