{
  "n": 200,
  "strict": {
    "naive_rag": 0.295,
    "pf_original": 0.155,
    "v1_semantic": 0.24,
    "v2_no_sigma": 0.155,
    "v3_hybrid": 0.18,
    "v4_large": 0.155,
    "v5_all_fixes": 0.265
  },
  "partial": {
    "naive_rag": 0.56675,
    "pf_original": 0.4524166666666666,
    "v1_semantic": 0.52425,
    "v2_no_sigma": 0.4524166666666666,
    "v3_hybrid": 0.47491666666666665,
    "v4_large": 0.4524166666666666,
    "v5_all_fixes": 0.5484166666666667
  },
  "v4_nodes": 6.76,
  "v6_sem_hybrid_pf_first": {
    "strict": 0.265,
    "partial": 0.5484166666666667
  },
  "v7_sem_nosig_hybrid": {
    "strict": 0.265,
    "partial": 0.5484166666666667
  },
  "v8_sem_nosig_nohybrid": {
    "strict": 0.24,
    "partial": 0.52425
  },
  "v9_nr_first_hybrid": {
    "strict": 0.295,
    "partial": 0.56675
  },
  "v10_nr_first_sem_hybrid": {
    "strict": 0.295,
    "partial": 0.56675
  }
}