{
  "n": 200,
  "spearman_rho": -0.09146362798879491,
  "spearman_pval": 0.19771637947328988,
  "ECE": 0.33182118746762695,
  "buckets": {
    "[0.0, 0.3)": {
      "n": 43,
      "mean_r5": 0.18604651162790697,
      "mean_sigma": 0.2309056221500133
    },
    "[0.3, 0.5)": {
      "n": 78,
      "mean_r5": 0.10256410256410256,
      "mean_sigma": 0.3916835402769098
    },
    "[0.5, 0.7)": {
      "n": 74,
      "mean_r5": 0.0945945945945946,
      "mean_sigma": 0.6104966313271103
    },
    "[0.7, 1.0)": {
      "n": 5,
      "mean_r5": 0.0,
      "mean_sigma": 0.7414457762539387
    }
  },
  "three_tier": {
    "proceed": {
      "n": 79,
      "mean_r5": 0.08860759493670886
    },
    "hedge": {
      "n": 78,
      "mean_r5": 0.10256410256410256
    },
    "retraverse": {
      "n": 43,
      "mean_r5": 0.18604651162790697
    }
  }
}